<?xml version="1.0" encoding="UTF-8"?>
<project-private xmlns="http://www.netbeans.org/ns/project-private/1">
    <editor-bookmarks xmlns="http://www.netbeans.org/ns/editor-bookmarks/2" lastBookmarkId="0"/>
    <open-files xmlns="http://www.netbeans.org/ns/projectui-open-files/2">
        <group>
            <file>file:/Users/qinyuxuan/NetBeansProjects/ShootGame/src/shootgame/FileTest.java</file>
            <file>file:/Users/qinyuxuan/NetBeansProjects/ShootGame/src/shootgame/a1.jpg</file>
            <file>file:/Users/qinyuxuan/NetBeansProjects/ShootGame/src/shootgame/Hero.java</file>
            <file>file:/Users/qinyuxuan/NetBeansProjects/ShootGame/src/shootgame/airplane_2.png</file>
            <file>file:/Users/qinyuxuan/NetBeansProjects/ShootGame/src/shootgame/Enemy.java</file>
            <file>file:/Users/qinyuxuan/NetBeansProjects/ShootGame/src/shootgame/hero_40.jpg</file>
            <file>file:/Users/qinyuxuan/NetBeansProjects/ShootGame/src/shootgame/background_1.png</file>
            <file>file:/Users/qinyuxuan/NetBeansProjects/ShootGame/src/shootgame/bullet_1.png</file>
            <file>file:/Users/qinyuxuan/NetBeansProjects/ShootGame/src/shootgame/FlyingObject.java</file>
            <file>file:/Users/qinyuxuan/NetBeansProjects/ShootGame/src/shootgame/Bee.java</file>
            <file>file:/Users/qinyuxuan/NetBeansProjects/ShootGame/src/shootgame/airplane_40.png</file>
            <file>file:/Users/qinyuxuan/NetBeansProjects/ShootGame/src/shootgame/Award.java</file>
            <file>file:/Users/qinyuxuan/NetBeansProjects/ShootGame/src/shootgame/start.jpg</file>
            <file>file:/Users/qinyuxuan/NetBeansProjects/ShootGame/src/shootgame/pause.png</file>
            <file>file:/Users/qinyuxuan/NetBeansProjects/ShootGame/src/shootgame/hero_2.png</file>
            <file>file:/Users/qinyuxuan/NetBeansProjects/ShootGame/src/shootgame/bee_3.png</file>
            <file>file:/Users/qinyuxuan/NetBeansProjects/ShootGame/src/shootgame/Bullet.java</file>
            <file>file:/Users/qinyuxuan/NetBeansProjects/ShootGame/src/shootgame/FaceTest.java</file>
            <file>file:/Users/qinyuxuan/NetBeansProjects/ShootGame/src/shootgame/Airplane.java</file>
            <file>file:/Users/qinyuxuan/NetBeansProjects/ShootGame/src/shootgame/Demo.java</file>
            <file>file:/Users/qinyuxuan/NetBeansProjects/ShootGame/src/shootgame/start_1.jpg</file>
            <file>file:/Users/qinyuxuan/NetBeansProjects/ShootGame/src/shootgame/background_41.jpg</file>
            <file>file:/Users/qinyuxuan/NetBeansProjects/ShootGame/src/shootgame/ShootGame.java</file>
            <file>file:/Users/qinyuxuan/NetBeansProjects/ShootGame/src/shootgame/background_3.png</file>
            <file>file:/Users/qinyuxuan/NetBeansProjects/ShootGame/src/shootgame/hero.png</file>
            <file>file:/Users/qinyuxuan/NetBeansProjects/ShootGame/src/shootgame/airplane_1.png</file>
        </group>
    </open-files>
</project-private>
