{"time_used": 362, "image_id": "xSiRfBp08/cfocjb3dyKWg==", "faces": [{"landmark": {"contour_chin": {"y": 539, "x": 1054}, "left_eye_upper_left_quarter": {"y": 236, "x": 1038}, "mouth_lower_lip_right_contour1": {"y": 462, "x": 1116}, "left_eye_bottom": {"y": 248, "x": 1058}, "mouth_lower_lip_right_contour2": {"y": 477, "x": 1127}, "contour_left7": {"y": 322, "x": 908}, "contour_left6": {"y": 295, "x": 910}, "contour_left5": {"y": 267, "x": 913}, "contour_left4": {"y": 241, "x": 917}, "contour_left3": {"y": 215, "x": 922}, "contour_left2": {"y": 189, "x": 930}, "contour_left1": {"y": 163, "x": 938}, "left_eye_lower_left_quarter": {"y": 241, "x": 1037}, "contour_right1": {"y": 291, "x": 1345}, "contour_right3": {"y": 338, "x": 1327}, "contour_right2": {"y": 315, "x": 1337}, "contour_right5": {"y": 382, "x": 1304}, "contour_right4": {"y": 361, "x": 1316}, "contour_left9": {"y": 377, "x": 914}, "contour_right6": {"y": 404, "x": 1290}, "right_eye_right_corner": {"y": 311, "x": 1298}, "nose_bridge1": {"y": 257, "x": 1155}, "nose_bridge3": {"y": 330, "x": 1142}, "nose_bridge2": {"y": 294, "x": 1149}, "right_eyebrow_upper_left_corner": {"y": 224, "x": 1215}, "nose_right_contour4": {"y": 400, "x": 1159}, "nose_right_contour1": {"y": 280, "x": 1178}, "right_eye_left_corner": {"y": 290, "x": 1214}, "left_eyebrow_upper_right_corner": {"y": 197, "x": 1146}, "left_eyebrow_upper_middle": {"y": 163, "x": 1079}, "mouth_lower_lip_right_contour3": {"y": 486, "x": 1105}, "nose_left_contour3": {"y": 362, "x": 1063}, "mouth_lower_lip_bottom": {"y": 485, "x": 1078}, "nose_right_contour2": {"y": 358, "x": 1174}, "left_eye_top": {"y": 241, "x": 1061}, "nose_left_contour1": {"y": 262, "x": 1119}, "mouth_upper_lip_bottom": {"y": 445, "x": 1090}, "mouth_upper_lip_left_contour2": {"y": 421, "x": 1045}, "mouth_upper_lip_top": {"y": 427, "x": 1096}, "mouth_upper_lip_left_contour1": {"y": 418, "x": 1079}, "mouth_upper_lip_left_contour4": {"y": 435, "x": 1053}, "right_eye_top": {"y": 301, "x": 1255}, "right_eye_bottom": {"y": 309, "x": 1253}, "right_eyebrow_lower_left_corner": {"y": 242, "x": 1214}, "mouth_left_corner": {"y": 430, "x": 1012}, "nose_middle_contour": {"y": 402, "x": 1118}, "right_eye_lower_right_quarter": {"y": 312, "x": 1276}, "right_eyebrow_lower_right_quarter": {"y": 259, "x": 1316}, "contour_right9": {"y": 462, "x": 1242}, "mouth_right_corner": {"y": 463, "x": 1145}, "right_eye_lower_left_quarter": {"y": 301, "x": 1232}, "right_eye_center": {"y": 304, "x": 1252}, "contour_right13": {"y": 518, "x": 1157}, "right_eyebrow_lower_left_quarter": {"y": 244, "x": 1249}, "left_eye_pupil": {"y": 244, "x": 1057}, "contour_right8": {"y": 444, "x": 1259}, "contour_left13": {"y": 475, "x": 961}, "left_eyebrow_lower_right_quarter": {"y": 199, "x": 1107}, "left_eye_right_corner": {"y": 254, "x": 1096}, "left_eyebrow_lower_right_corner": {"y": 214, "x": 1138}, "mouth_upper_lip_left_contour3": {"y": 433, "x": 1023}, "left_eyebrow_lower_left_quarter": {"y": 182, "x": 1037}, "mouth_lower_lip_left_contour1": {"y": 445, "x": 1049}, "mouth_lower_lip_left_contour3": {"y": 473, "x": 1048}, "mouth_lower_lip_left_contour2": {"y": 453, "x": 1027}, "contour_right7": {"y": 424, "x": 1275}, "left_eyebrow_left_corner": {"y": 176, "x": 1003}, "nose_tip": {"y": 367, "x": 1136}, "right_eyebrow_upper_middle": {"y": 225, "x": 1289}, "contour_left8": {"y": 350, "x": 910}, "right_eyebrow_lower_middle": {"y": 250, "x": 1283}, "left_eye_center": {"y": 244, "x": 1057}, "right_eyebrow_upper_left_quarter": {"y": 222, "x": 1251}, "right_eyebrow_right_corner": {"y": 267, "x": 1347}, "right_eyebrow_upper_right_quarter": {"y": 237, "x": 1325}, "contour_left16": {"y": 530, "x": 1026}, "contour_left15": {"y": 516, "x": 1001}, "contour_left14": {"y": 497, "x": 979}, "left_eyebrow_upper_right_quarter": {"y": 177, "x": 1116}, "contour_left12": {"y": 452, "x": 946}, "contour_left11": {"y": 428, "x": 933}, "contour_left10": {"y": 403, "x": 922}, "left_eyebrow_lower_middle": {"y": 189, "x": 1072}, "left_eyebrow_upper_left_quarter": {"y": 160, "x": 1039}, "right_eye_upper_right_quarter": {"y": 306, "x": 1276}, "nose_right_contour3": {"y": 394, "x": 1177}, "mouth_upper_lip_right_contour4": {"y": 452, "x": 1119}, "nose_right_contour5": {"y": 401, "x": 1139}, "nose_left_contour4": {"y": 380, "x": 1080}, "nose_left_contour5": {"y": 388, "x": 1098}, "nose_left_contour2": {"y": 332, "x": 1087}, "mouth_upper_lip_right_contour1": {"y": 427, "x": 1114}, "mouth_upper_lip_right_contour2": {"y": 443, "x": 1133}, "mouth_upper_lip_right_contour3": {"y": 461, "x": 1137}, "left_eye_left_corner": {"y": 230, "x": 1016}, "contour_right15": {"y": 538, "x": 1109}, "contour_right14": {"y": 530, "x": 1133}, "contour_right16": {"y": 542, "x": 1083}, "contour_right11": {"y": 493, "x": 1201}, "contour_right10": {"y": 479, "x": 1222}, "left_eye_upper_right_quarter": {"y": 247, "x": 1080}, "contour_right12": {"y": 506, "x": 1179}, "left_eye_lower_right_quarter": {"y": 252, "x": 1077}, "mouth_lower_lip_top": {"y": 457, "x": 1085}, "right_eye_upper_left_quarter": {"y": 295, "x": 1234}, "right_eye_pupil": {"y": 304, "x": 1252}}, "attributes": {"gender": {"value": "Male"}, "age": {"value": 14}, "headpose": {"yaw_angle": -10.991214, "pitch_angle": 11.870396, "roll_angle": 22.350672}}, "face_token": "37f162e4c08e7601b9b6dca09a4163ca", "face_rectangle": {"width": 436, "top": 135, "height": 436, "left": 872}}, {"landmark": {"contour_chin": {"y": 532, "x": 279}, "left_eye_upper_left_quarter": {"y": 487, "x": 263}, "mouth_lower_lip_right_contour1": {"y": 520, "x": 281}, "left_eye_bottom": {"y": 490, "x": 264}, "mouth_lower_lip_right_contour2": {"y": 521, "x": 283}, "contour_left7": {"y": 504, "x": 263}, "contour_left6": {"y": 500, "x": 262}, "contour_left5": {"y": 497, "x": 261}, "contour_left4": {"y": 494, "x": 260}, "contour_left3": {"y": 491, "x": 260}, "contour_left2": {"y": 487, "x": 260}, "contour_left1": {"y": 484, "x": 260}, "left_eye_lower_left_quarter": {"y": 489, "x": 262}, "contour_right1": {"y": 488, "x": 322}, "contour_right3": {"y": 496, "x": 321}, "contour_right2": {"y": 492, "x": 322}, "contour_right5": {"y": 505, "x": 320}, "contour_right4": {"y": 501, "x": 321}, "contour_left9": {"y": 510, "x": 265}, "contour_right6": {"y": 509, "x": 319}, "right_eye_right_corner": {"y": 495, "x": 296}, "nose_bridge1": {"y": 492, "x": 277}, "nose_bridge3": {"y": 504, "x": 275}, "nose_bridge2": {"y": 498, "x": 276}, "right_eyebrow_upper_left_corner": {"y": 487, "x": 281}, "nose_right_contour4": {"y": 512, "x": 282}, "nose_right_contour1": {"y": 493, "x": 282}, "right_eye_left_corner": {"y": 495, "x": 284}, "left_eyebrow_upper_right_corner": {"y": 484, "x": 270}, "left_eyebrow_upper_middle": {"y": 480, "x": 264}, "mouth_lower_lip_right_contour3": {"y": 522, "x": 280}, "nose_left_contour3": {"y": 509, "x": 269}, "mouth_lower_lip_bottom": {"y": 522, "x": 276}, "nose_right_contour2": {"y": 505, "x": 283}, "left_eye_top": {"y": 487, "x": 265}, "nose_left_contour1": {"y": 493, "x": 274}, "mouth_upper_lip_bottom": {"y": 519, "x": 275}, "mouth_upper_lip_left_contour2": {"y": 517, "x": 272}, "mouth_upper_lip_top": {"y": 517, "x": 275}, "mouth_upper_lip_left_contour1": {"y": 516, "x": 274}, "mouth_upper_lip_left_contour4": {"y": 518, "x": 273}, "right_eye_top": {"y": 495, "x": 290}, "right_eye_bottom": {"y": 496, "x": 290}, "right_eyebrow_lower_left_corner": {"y": 489, "x": 281}, "mouth_left_corner": {"y": 517, "x": 271}, "nose_middle_contour": {"y": 514, "x": 276}, "right_eye_lower_right_quarter": {"y": 496, "x": 293}, "right_eyebrow_lower_right_quarter": {"y": 488, "x": 296}, "contour_right9": {"y": 519, "x": 311}, "mouth_right_corner": {"y": 519, "x": 287}, "right_eye_lower_left_quarter": {"y": 496, "x": 287}, "right_eye_center": {"y": 495, "x": 290}, "contour_right13": {"y": 530, "x": 297}, "right_eyebrow_lower_left_quarter": {"y": 488, "x": 286}, "left_eye_pupil": {"y": 488, "x": 266}, "contour_right8": {"y": 516, "x": 314}, "contour_left13": {"y": 521, "x": 271}, "left_eyebrow_lower_right_quarter": {"y": 484, "x": 266}, "left_eye_right_corner": {"y": 490, "x": 270}, "left_eyebrow_lower_right_corner": {"y": 486, "x": 269}, "mouth_upper_lip_left_contour3": {"y": 517, "x": 271}, "left_eyebrow_lower_left_quarter": {"y": 481, "x": 260}, "mouth_lower_lip_left_contour1": {"y": 518, "x": 273}, "mouth_lower_lip_left_contour3": {"y": 521, "x": 273}, "mouth_lower_lip_left_contour2": {"y": 519, "x": 272}, "contour_right7": {"y": 513, "x": 317}, "left_eyebrow_left_corner": {"y": 480, "x": 257}, "nose_tip": {"y": 510, "x": 274}, "right_eyebrow_upper_middle": {"y": 484, "x": 291}, "contour_left8": {"y": 507, "x": 264}, "right_eyebrow_lower_middle": {"y": 488, "x": 291}, "left_eye_center": {"y": 488, "x": 266}, "right_eyebrow_upper_left_quarter": {"y": 485, "x": 285}, "right_eyebrow_right_corner": {"y": 487, "x": 301}, "right_eyebrow_upper_right_quarter": {"y": 484, "x": 296}, "contour_left16": {"y": 530, "x": 276}, "contour_left15": {"y": 527, "x": 274}, "contour_left14": {"y": 524, "x": 272}, "left_eyebrow_upper_right_quarter": {"y": 482, "x": 267}, "contour_left12": {"y": 519, "x": 269}, "contour_left11": {"y": 516, "x": 268}, "contour_left10": {"y": 513, "x": 266}, "left_eyebrow_lower_middle": {"y": 483, "x": 263}, "left_eyebrow_upper_left_quarter": {"y": 479, "x": 260}, "right_eye_upper_right_quarter": {"y": 495, "x": 293}, "nose_right_contour3": {"y": 510, "x": 285}, "mouth_upper_lip_right_contour4": {"y": 519, "x": 281}, "nose_right_contour5": {"y": 513, "x": 279}, "nose_left_contour4": {"y": 512, "x": 271}, "nose_left_contour5": {"y": 512, "x": 273}, "nose_left_contour2": {"y": 505, "x": 271}, "mouth_upper_lip_right_contour1": {"y": 517, "x": 277}, "mouth_upper_lip_right_contour2": {"y": 518, "x": 282}, "mouth_upper_lip_right_contour3": {"y": 519, "x": 285}, "left_eye_left_corner": {"y": 487, "x": 260}, "contour_right15": {"y": 533, "x": 289}, "contour_right14": {"y": 532, "x": 293}, "contour_right16": {"y": 533, "x": 284}, "contour_right11": {"y": 525, "x": 305}, "contour_right10": {"y": 523, "x": 308}, "left_eye_upper_right_quarter": {"y": 488, "x": 268}, "contour_right12": {"y": 528, "x": 301}, "left_eye_lower_right_quarter": {"y": 490, "x": 267}, "mouth_lower_lip_top": {"y": 519, "x": 276}, "right_eye_upper_left_quarter": {"y": 495, "x": 287}, "right_eye_pupil": {"y": 495, "x": 290}}, "attributes": {"gender": {"value": "Male"}, "age": {"value": 35}, "headpose": {"yaw_angle": 25.417702, "pitch_angle": 20.456345, "roll_angle": -0.7901726}}, "face_token": "54a3587ef6a0bd2f04721b76ef80e359", "face_rectangle": {"width": 70, "top": 474, "height": 70, "left": 251}}], "request_id": "1526162372,c5950bac-650f-4c3b-ad9d-98ab765db6ef"}